{
  "y": [
    2,
    1.97,
    1.9405999999999999,
    1.9117879999999998,
    1.8835522399999998,
    1.8558811951999998
  ],
  "t": [
    0.0,
    0.01,
    0.02,
    0.03,
    0.04,
    0.05
  ]
}