{
  "y": [
    2,
    1.97,
    1.9406,
    1.91179,
    1.88355,
    1.85588
  ],
  "t": [
    0.0,
    0.01,
    0.02,
    0.03,
    0.04,
    0.05
  ]
}